project,algorithm,batch_size,builds_reqd,total_delay,failures_found,failures_not_found,bad_builds,batch_delays,testall_size,ci
gradle.csv,BATCH4,4,44.44444444444444,8,50.0,50.0,2,24.0,18,"[0, 0, 0, 0, 0, 0, 0, 0, 0, 0, 0, 0, 1, 1, 0, 0, 0, 0]"
gradle.csv,BATCHSTOP4,4,44.44444444444444,8,50.0,50.0,2,24.0,18,"[0, 0, 0, 0, 0, 0, 0, 0, 0, 0, 0, 0, 1, 1, 0, 0, 0, 0]"
gradle.csv,BATCHSTOP4,8,83.33333333333333,0,100.0,0.0,0,84.0,18,"[0, 0, 0, 0, 0, 0, 0, 0, 0, 0, 0, 0, 0, 0, 0, 0, 0, 0]"
gradle.csv,BATCHSTOP4,16,88.88888888888889,0,100.0,0.0,0,240.0,18,"[0, 0, 0, 0, 0, 0, 0, 0, 0, 0, 0, 0, 0, 0, 0, 0, 0, 0]"
gradle.csv,BATCHBISECT,2,55.55555555555556,8,50.0,50.0,2,8.0,18,"[0, 0, 0, 0, 0, 0, 0, 0, 0, 0, 0, 0, 1, 1, 0, 0, 0, 0]"
gradle.csv,BATCHBISECT,4,44.44444444444444,8,50.0,50.0,2,24.0,18,"[0, 0, 0, 0, 0, 0, 0, 0, 0, 0, 0, 0, 1, 1, 0, 0, 0, 0]"
gradle.csv,BATCHBISECT,8,83.33333333333333,0,100.0,0.0,0,84.0,18,"[0, 0, 0, 0, 0, 0, 0, 0, 0, 0, 0, 0, 0, 0, 0, 0, 0, 0]"
gradle.csv,BATCHBISECT,16,88.88888888888889,0,100.0,0.0,0,240.0,18,"[0, 0, 0, 0, 0, 0, 0, 0, 0, 0, 0, 0, 0, 0, 0, 0, 0, 0]"
