project,algorithm,batch_size,time_reqd,builds_reqd,total_delay,failures_found,failures_not_found,bad_builds,batch_delays,testall_size,ci
sufia.csv,BATCH4,4,42.81507884235403,42.10526315789474,0,100.0,0.0,0,24.0,19,"[1, 0, 0, 0, 0, 1, 1, 1, 0, 0, 0, 0, 0, 0, 0, 0, 0, 0, 0]"
sufia.csv,BATCHSTOP4,4,42.81507884235403,42.10526315789474,0,100.0,0.0,0,24.0,19,"[1, 0, 0, 0, 0, 1, 1, 1, 0, 0, 0, 0, 0, 0, 0, 0, 0, 0, 0]"
sufia.csv,BATCHSTOP4,8,48.14807640153423,47.36842105263158,0,100.0,0.0,0,84.0,19,"[1, 0, 0, 0, 0, 0, 0, 0, 0, 0, 0, 0, 0, 0, 0, 0, 0, 0, 0]"
sufia.csv,BATCHSTOP4,16,54.06997016775793,52.63157894736842,0,100.0,0.0,0,240.0,19,"[1, 0, 0, 0, 0, 0, 0, 0, 0, 0, 0, 0, 0, 0, 0, 0, 0, 0, 0]"
sufia.csv,BATCHBISECT,2,53.19437449149587,52.63157894736842,0,100.0,0.0,0,8.0,19,"[1, 0, 0, 0, 0, 1, 1, 1, 0, 0, 0, 0, 0, 0, 0, 0, 0, 0, 0]"
sufia.csv,BATCHBISECT,4,42.780209987989615,42.10526315789474,0,100.0,0.0,0,24.0,19,"[1, 0, 0, 0, 0, 1, 1, 1, 0, 0, 0, 0, 0, 0, 0, 0, 0, 0, 0]"
sufia.csv,BATCHBISECT,8,48.182945255898645,47.36842105263158,0,100.0,0.0,0,84.0,19,"[1, 0, 0, 0, 0, 0, 0, 0, 0, 0, 0, 0, 0, 0, 0, 0, 0, 0, 0]"
sufia.csv,BATCHBISECT,16,54.10483902212235,52.63157894736842,0,100.0,0.0,0,240.0,19,"[1, 0, 0, 0, 0, 0, 0, 0, 0, 0, 0, 0, 0, 0, 0, 0, 0, 0, 0]"
