project,algorithm,batch_size,builds_reqd,total_delay,failures_found,failures_not_found,bad_builds,batch_delays,testall_size,ci
orbeon-forms.csv,BATCH4,4,72.72727272727273,47,71.42857142857143,28.571428571428573,7,24.0,22,"[1, 1, 1, 1, 1, 1, 1, 0, 0, 0, 0, 0, 0, 0, 0, 0, 0, 0, 0, 0, 0, 0]"
orbeon-forms.csv,BATCHSTOP4,4,72.72727272727273,47,71.42857142857143,28.571428571428573,7,24.0,22,"[1, 1, 1, 1, 1, 1, 1, 0, 0, 0, 0, 0, 0, 0, 0, 0, 0, 0, 0, 0, 0, 0]"
orbeon-forms.csv,BATCHSTOP4,8,81.81818181818181,47,71.42857142857143,28.571428571428573,7,56.0,22,"[1, 1, 1, 1, 1, 1, 1, 0, 0, 0, 0, 0, 0, 0, 0, 0, 0, 0, 0, 0, 0, 0]"
orbeon-forms.csv,BATCHSTOP4,16,86.36363636363636,47,71.42857142857143,28.571428571428573,7,120.0,22,"[1, 1, 1, 1, 1, 1, 1, 0, 0, 0, 0, 0, 0, 0, 0, 0, 0, 0, 0, 0, 0, 0]"
orbeon-forms.csv,BATCHBISECT,2,54.54545454545455,59,42.857142857142854,57.142857142857146,10,6.0,22,"[1, 1, 1, 1, 1, 1, 1, 0, 0, 0, 0, 0, 0, 0, 0, 0, 0, 1, 1, 1, 0, 0]"
orbeon-forms.csv,BATCHBISECT,4,81.81818181818181,47,71.42857142857143,28.571428571428573,7,24.0,22,"[1, 1, 1, 1, 1, 1, 1, 0, 0, 0, 0, 0, 0, 0, 0, 0, 0, 0, 0, 0, 0, 0]"
orbeon-forms.csv,BATCHBISECT,8,100.0,47,71.42857142857143,28.571428571428573,7,56.0,22,"[1, 1, 1, 1, 1, 1, 1, 0, 0, 0, 0, 0, 0, 0, 0, 0, 0, 0, 0, 0, 0, 0]"
orbeon-forms.csv,BATCHBISECT,16,104.54545454545455,47,71.42857142857143,28.571428571428573,7,120.0,22,"[1, 1, 1, 1, 1, 1, 1, 0, 0, 0, 0, 0, 0, 0, 0, 0, 0, 0, 0, 0, 0, 0]"
